Reference,Value,Footprint,DNP,Status
C7,100nF,Capacitor_SMD:C_0402_1005Metric,False,DRAFT - not purchasing BOM
C18,9pF provisional,Capacitor_SMD:C_0402_1005Metric,False,DRAFT - not purchasing BOM
C13,N.C.,Capacitor_SMD:C_0402_1005Metric,True,DRAFT - not purchasing BOM
C4,0.5pF,Capacitor_SMD:C_0402_1005Metric,False,DRAFT - not purchasing BOM
C3,0.8pF,Capacitor_SMD:C_0402_1005Metric,False,DRAFT - not purchasing BOM
C15,1.0µF,Capacitor_SMD:C_0402_1005Metric,False,DRAFT - not purchasing BOM
C9,820pF,Capacitor_SMD:C_0402_1005Metric,False,DRAFT - not purchasing BOM
C1,12pF,Capacitor_SMD:C_0402_1005Metric,False,DRAFT - not purchasing BOM
U1,nRF52840-QIAA,Package_DFN_QFN:Nordic_AQFN-73-1EP_7x7mm_P0.5mm,False,DRAFT - not purchasing BOM
X1,32MHz,Crystal:Crystal_SMD_2016-4Pin_2.0x1.6mm,False,DRAFT - not purchasing BOM
X2,ABS07-32.768KHZ-7-T,Crystal:Crystal_SMD_3215-2Pin_3.2x1.5mm,False,DRAFT - not purchasing BOM
C11,100pF,Capacitor_SMD:C_0402_1005Metric,False,DRAFT - not purchasing BOM
C17,9pF provisional,Capacitor_SMD:C_0402_1005Metric,False,DRAFT - not purchasing BOM
C6,4.7µF,Capacitor_SMD:C_0402_1005Metric,False,DRAFT - not purchasing BOM
C5,100nF,Capacitor_SMD:C_0402_1005Metric,False,DRAFT - not purchasing BOM
C2,12pF,Capacitor_SMD:C_0402_1005Metric,False,DRAFT - not purchasing BOM
C10,N.C.,Capacitor_SMD:C_0402_1005Metric,True,DRAFT - not purchasing BOM
C12,100nF,Capacitor_SMD:C_0402_1005Metric,False,DRAFT - not purchasing BOM
C14,1.0µF,Capacitor_SMD:C_0402_1005Metric,False,DRAFT - not purchasing BOM
C8,100nF,Capacitor_SMD:C_0402_1005Metric,False,DRAFT - not purchasing BOM
L1,4.7nH,Inductor_SMD:L_0402_1005Metric,False,DRAFT - not purchasing BOM
C22,N.C.,Capacitor_SMD:C_0402_1005Metric,True,DRAFT - not purchasing BOM
U2,TPS78230DDC,Package_TO_SOT_SMD:TSOT-23-5,False,DRAFT - not purchasing BOM
C30,1uF,Capacitor_SMD:C_0402_1005Metric,False,DRAFT - not purchasing BOM
C31,1uF,Capacitor_SMD:C_0402_1005Metric,False,DRAFT - not purchasing BOM
TP1,BAT+,TestPoint:TestPoint_Pad_D1.0mm,False,DRAFT - not purchasing BOM
TP2,BAT-,TestPoint:TestPoint_Pad_D1.0mm,False,DRAFT - not purchasing BOM
TP3,A / key 1,TestPoint:TestPoint_Pad_D1.0mm,False,DRAFT - not purchasing BOM
TP4,B / key 2,TestPoint:TestPoint_Pad_D1.0mm,False,DRAFT - not purchasing BOM
TP5,C / key 3,TestPoint:TestPoint_Pad_D1.0mm,False,DRAFT - not purchasing BOM
TP6,SWDIO,TestPoint:TestPoint_Pad_D1.0mm,False,DRAFT - not purchasing BOM
TP7,SWDCLK,TestPoint:TestPoint_Pad_D1.0mm,False,DRAFT - not purchasing BOM
TP8,RESET,TestPoint:TestPoint_Pad_D1.0mm,False,DRAFT - not purchasing BOM
TP9,GND,TestPoint:TestPoint_Pad_D1.0mm,False,DRAFT - not purchasing BOM
TP10,3V0,TestPoint:TestPoint_Pad_D1.0mm,False,DRAFT - not purchasing BOM
TP11,OLED SCL,TestPoint:TestPoint_Pad_D1.0mm,False,DRAFT - not purchasing BOM
TP12,OLED SDA,TestPoint:TestPoint_Pad_D1.0mm,False,DRAFT - not purchasing BOM
TP13,OLED 3V0,TestPoint:TestPoint_Pad_D1.0mm,False,DRAFT - not purchasing BOM
TP14,OLED GND,TestPoint:TestPoint_Pad_D1.0mm,False,DRAFT - not purchasing BOM
TP15,RF feed / no antenna,TestPoint:TestPoint_Pad_D1.0mm,False,DRAFT - not purchasing BOM
TP16,BUTTON COMMON proposed GND,TestPoint:TestPoint_Pad_D1.0mm,False,DRAFT - not purchasing BOM
